SubjectID,Timestamp
Unknown_224005_895043,2025-10-27 22:40:05
Unknown_224005_902152,2025-10-27 22:40:05
Unknown_224005_910350,2025-10-27 22:40:05
Unknown_224005_920730,2025-10-27 22:40:05
Unknown_224005_930559,2025-10-27 22:40:05
Unknown_224005_941245,2025-10-27 22:40:05
Unknown_224005_952971,2025-10-27 22:40:05
Unknown_224005_963660,2025-10-27 22:40:05
Unknown_023040_434209,2025-10-28 02:30:40
Unknown_023040_439607,2025-10-28 02:30:40
Unknown_023040_446317,2025-10-28 02:30:40
Unknown_023040_456430,2025-10-28 02:30:40
Unknown_023040_466859,2025-10-28 02:30:40
Unknown_023040_476266,2025-10-28 02:30:40
Unknown_023040_487652,2025-10-28 02:30:40
Unknown_023040_497412,2025-10-28 02:30:40
Unknown_023944_977292,2025-10-28 02:39:44
Unknown_023944_987676,2025-10-28 02:39:44
Unknown_023944_999213,2025-10-28 02:39:44
Unknown_023945_007274,2025-10-28 02:39:45
Unknown_023945_014089,2025-10-28 02:39:45
Unknown_023945_023837,2025-10-28 02:39:45
Unknown_023945_033297,2025-10-28 02:39:45
Unknown_023945_044740,2025-10-28 02:39:45
Unknown_023957_740931,2025-10-28 02:39:57
Unknown_023957_752496,2025-10-28 02:39:57
Unknown_023957_765775,2025-10-28 02:39:57
Unknown_023957_773466,2025-10-28 02:39:57
Unknown_023957_784365,2025-10-28 02:39:57
Unknown_023957_795185,2025-10-28 02:39:57
Unknown_023957_807461,2025-10-28 02:39:57
Unknown_023957_821089,2025-10-28 02:39:57
Unknown_024012_872617,2025-10-28 02:40:12
Unknown_024012_882304,2025-10-28 02:40:12
Unknown_024012_893986,2025-10-28 02:40:12
Unknown_024012_903469,2025-10-28 02:40:12
Unknown_024012_915708,2025-10-28 02:40:12
Unknown_024012_926725,2025-10-28 02:40:12
Unknown_024012_938639,2025-10-28 02:40:12
Unknown_024012_951737,2025-10-28 02:40:12
Unknown_024055_350387,2025-10-28 02:40:55
Unknown_024055_359331,2025-10-28 02:40:55
Unknown_024055_369999,2025-10-28 02:40:55
Unknown_024055_379196,2025-10-28 02:40:55
Unknown_024055_386746,2025-10-28 02:40:55
Unknown_024055_398143,2025-10-28 02:40:55
Unknown_024055_406579,2025-10-28 02:40:55
Unknown_024055_417745,2025-10-28 02:40:55
Unknown_024122_530167,2025-10-28 02:41:22
Unknown_024122_539872,2025-10-28 02:41:22
Unknown_024122_551780,2025-10-28 02:41:22
Unknown_024122_562504,2025-10-28 02:41:22
Unknown_024122_573103,2025-10-28 02:41:22
Unknown_024122_585262,2025-10-28 02:41:22
Unknown_024122_596347,2025-10-28 02:41:22
Unknown_024122_606755,2025-10-28 02:41:22
